customer_id,customer_name,email,registration_date,customer_type,email_valid
C0001,Liam Chaudry,bakshianvi@example.org,2026-05-23,REGULAR,True
C0002,Tejas Kaul,samiazad@example.org,2025-08-30,REGULAR,True
C0003,Arunima Ahuja,issaconi@example.org,2024-03-11,VIP,True
C0004,Gayathri Chaudry,roak@example.org,2023-11-28,VIP,True
C0005,Caleb Sharaf,wchatterjee@example.com,2025-10-17,REGULAR,True
C0006,Janaki Handa,radhakrishnanfarhan@example.net,2026-07-05,REGULAR,True
C0007,Viraj Chaudhuri,bathvedant@example.com,2025-02-16,REGULAR,True
C0008,Shaurya Loke,sudiksha52@example.com,2026-07-01,VIP,True
C0009,Ladli Madan,gargyash@example.org,2026-03-27,REGULAR,True
C0010,Diya Rattan,ektabhalla@example.org,2024-08-25,VIP,True
C0011,Meghana Shanker,kakardivya@example.org,2024-02-13,REGULAR,True
C0012,Priya Rastogi,liam38@example.net,2025-01-19,PREMIUM,True
C0013,Champak Choudhary,lakshitupadhyay@example.com,2024-02-29,REGULAR,True
C0014,Upadhriti Wadhwa,pahalbhatt@example.com,2024-07-31,REGULAR,True
C0015,Isaac Memon,contractoramara@example.net,2025-05-12,PREMIUM,True
C0016,Xiti Gokhale,sudikshaaggarwal@example.net,2025-09-02,REGULAR,True
C0017,Michael Prakash,misrayashica@example.net,2024-03-13,PREMIUM,True
C0018,Janani Mohanty,naikvrinda@example.org,2024-07-12,PREMIUM,True
C0019,Ekapad Walia,khoslafarhan@example.org,2024-01-18,PREMIUM,True
C0020,Siddharth Zacharia,vaishnavigandhi@example.com,2026-06-12,REGULAR,True
C0021,Raksha Varughese,devikarastogi@example.net,2025-06-07,VIP,True
C0022,Ansh Karpe,kotaumang@example.org,2026-01-06,PREMIUM,True
C0023,Veer Bir,abhimanyubobal@example.net,2023-08-24,PREMIUM,True
C0024,Tanish Zacharia,ekavir83@example.com,2024-01-28,VIP,True
C0025,Ranveer Chandra,ykibe@example.com,2023-12-04,PREMIUM,True
C0026,Chatura Chaudhari,bpandya@example.com,2023-10-09,VIP,True
C0027,Rehaan Gupta,znori@example.org,2025-10-17,VIP,True
C0028,Turvi Krish,bdey@example.org,2023-11-01,PREMIUM,True
C0029,Girik Khalsa,dchaudhari@example.net,2024-03-21,REGULAR,True
C0030,Daniel Gala,esunder@example.org,2025-02-14,PREMIUM,True
C0031,Pallavi Sur,ramakrishnanalka@example.com,2024-03-03,VIP,True
C0032,Dipta Bhandari,chamankalla@example.org,2023-09-22,REGULAR,True
C0033,Yashoda Buch,hthakkar@example.org,2024-04-20,REGULAR,True
C0034,Yatin Baral,birwahab@example.com,2026-02-23,VIP,True
C0035,Dipta Khare,sainidiya@example.com,2024-08-22,VIP,True
C0036,Tanvi Mutti,qdeep@example.net,2023-10-27,VIP,True
C0037,Yashawini Lanka,shankerharish@example.org,2024-01-28,VIP,True
C0038,Raksha Mittal,ekapad35@example.com,2026-02-11,PREMIUM,True
C0039,Jack Chhabra,mistryhemang@example.org,2025-11-12,VIP,True
C0040,Hemal Jani,anitamanda@example.net,2026-06-08,REGULAR,True
C0041,Pallavi Malhotra,yashasvi74@example.org,2023-09-13,REGULAR,True
C0042,Neel Sathe,nathkalpit@example.net,2025-11-10,REGULAR,True
C0043,Balendra Pingle,handra@example.org,2025-12-27,PREMIUM,True
C0044,Janya Baral,qushidatta@example.org,2025-01-12,REGULAR,True
C0045,Mohammed Khalsa,zaidchauhan@example.com,2024-03-15,VIP,True
C0046,Nisha Kothari,nitarabakshi@example.org,2024-08-24,PREMIUM,True
C0047,Tristan Iyengar,hritikraja@example.org,2025-06-21,PREMIUM,True
C0048,Mohini Narasimhan,dalaja33@example.org,2024-09-11,VIP,True
C0049,Garima Bala,mallickindali@example.net,2024-01-02,PREMIUM,True
C0050,Radha Pai,pranav94@example.org,2024-11-05,VIP,True
C0051,Aachal Basu,hvaidya@example.com,2025-05-14,PREMIUM,True
C0052,Ekaraj Narayanan,venkateshronith@example.com,2026-03-01,PREMIUM,True
C0053,Eta Rau,jeet48@example.com,2026-06-24,PREMIUM,True
C0054,Owen Mitra,joshua36@example.net,2025-03-28,REGULAR,True
C0055,Ekanta Shroff,modibhavini@example.org,2025-05-23,REGULAR,True
C0056,Frado Mander,gkala@example.com,2025-09-14,REGULAR,True
C0057,Manan Bakshi,girik34@example.org,2023-09-16,REGULAR,True
C0058,Robert Rajagopalan,vaishnavibora@example.com,2025-08-12,PREMIUM,True
C0059,Hredhaan Sandal,jkohli@example.net,2024-06-10,PREMIUM,True
C0060,Jairaj Shan,zarnashetty@example.org,2024-01-30,PREMIUM,True
C0061,Saanvi Thaman,jwali@example.net,2025-04-29,VIP,True
C0062,Aashi Kota,vdutt@example.com,2026-03-23,REGULAR,True
C0063,Bhavika Keer,vedhika34@example.com,2024-09-01,REGULAR,True
C0064,Vihaan Rajagopal,ekaja81@example.org,2026-06-19,VIP,True
C0065,Ganga Shukla,tanishbhatt@example.com,2025-04-12,VIP,True
C0066,Lajita Sood,jhaveriosha@example.com,2023-07-16,PREMIUM,True
C0067,Vinaya Kanda,chanchal66@example.net,2024-09-02,PREMIUM,True
C0068,Nidhi Gandhi,bsunder@,2025-07-02,VIP,False
C0069,Fiyaz Sangha,aviramesh@example.net,2024-02-02,VIP,True
C0070,Falak Kakar,dgopal@example.com,2025-06-12,VIP,True
C0071,Finn Singhal,geetika64@example.com,2023-08-06,VIP,True
C0072,Banjeet Balasubramanian,pallaudarsh@example.net,2024-07-25,REGULAR,True
C0073,Urvashi Contractor,anmoldua@example.org,2025-11-29,REGULAR,True
C0074,Ishwar Gade,udyatikunda@example.com,2024-11-01,VIP,True
C0075,Mekhala Issac,baldevika@example.net,2023-11-02,VIP,True
C0076,Benjamin Palan,harshmitra@example.net,2025-10-11,REGULAR,True
C0077,Advik Salvi,eprabhakar@example.net,2025-08-06,PREMIUM,True
C0078,Michael Saran,santjanaki@example.net,2024-04-05,PREMIUM,True
C0079,Ekantika Korpal,veda76@example.net,2023-11-18,REGULAR,True
C0080,Gayathri Balakrishnan,shravya37@example.net,2025-08-12,REGULAR,True
C0081,Harini Mammen,qabil73@example.com,2026-01-18,PREMIUM,True
C0082,Niharika Suresh,advaith83@example.org,2025-11-15,VIP,True
C0083,Girik Menon,vamakshiswaminathan@example.com,2024-06-15,REGULAR,True
C0084,Urvashi Wali,tkohli@example.net,2024-12-22,VIP,True
C0085,Anika Mohan,wnarayanan@example.net,2024-07-31,VIP,True
C0086,Qasim Handa,jaihans@example.com,2024-06-07,PREMIUM,True
C0087,Harish Hari,umalhotra@example.net,2024-10-09,VIP,True
C0088,Jonathan Mahal,jalsagola@example.com,2023-09-15,VIP,True
C0089,Harshil Arora,masterjonathan@example.net,2025-12-14,PREMIUM,True
C0090,Charan Krishnan,upasna77@example.com,2025-07-18,VIP,True
C0091,Chatresh Doshi,bhattacharyyanandini@example.com,2024-02-23,PREMIUM,True
C0092,Upkaar Virk,frederick31@example.net,2025-02-16,PREMIUM,True
C0093,Dalaja Bhasin,tsavant@example.net,2026-02-08,REGULAR,True
C0094,Naksh Khatri,johalsiddharth@example.com,2024-04-02,REGULAR,True
C0095,Upma Manne,dugaraarnav@example.com,2023-08-26,REGULAR,True
C0096,Ekavir Kaur,bhavyamandal@example.net,2024-08-20,REGULAR,True
C0097,Manthan Lata,pavanicontractor@example.net,2024-02-12,VIP,True
C0098,Reva Dash,bhasinnoah@example.com,2025-07-04,REGULAR,True
C0099,Raksha Buch,neha48@example.net,2026-01-21,PREMIUM,True
C0100,Atharv Chand,sankaranekantika@example.net,2024-06-26,REGULAR,True
C0101,Zilmil Sathe,luthrabanjeet@example.org,2024-09-11,PREMIUM,True
C0102,Ijaya Rege,rajataswamy@example.org,2024-12-05,REGULAR,True
C0103,Bhavya Rattan,henry25@example.com,2025-11-07,VIP,True
C0104,Ekiya D’Alia,shagaurang@example.com,2025-03-25,REGULAR,True
C0105,Zarna Pathak,shereodika@example.org,2026-02-28,PREMIUM,True
C0106,Amara Deep,wsathe@example.org,2024-09-26,REGULAR,True
C0107,Nathan Mukhopadhyay,hsundaram@example.org,2025-11-08,PREMIUM,True
C0108,Triya Dalal,reddygirik@example.org,2026-04-08,PREMIUM,True
C0109,Ojasvi Subramanian,wishimanne@example.net,2025-07-09,REGULAR,True
C0110,Yashoda Deshpande,tanmayidhillon@example.com,2023-10-23,VIP,True
C0111,Barkha Misra,oeshi58@example.com,2026-01-03,PREMIUM,True
C0112,Hemani Natarajan,cdixit@example.net,2025-11-10,REGULAR,True
C0113,Leela Kaur,ushah@example.org,2025-04-05,REGULAR,True
C0114,Libni Doshi,nadkarniurvashi@example.net,2025-08-14,REGULAR,True
C0115,Harish Sarraf,dateyadavi@example.net,2023-12-08,PREMIUM,True
C0116,Mohammed Borde,uaurora@example.org,2025-07-05,REGULAR,True
C0117,Falguni Walla,hamsini96@example.net,2025-02-16,VIP,True
C0118,Wahab Mani,vinaya80@example.net,2024-06-24,VIP,True
C0119,Sachi Ganesan,sarafguneet@example.net,2026-06-19,REGULAR,True
C0120,Jagrati Prasad,ayush05@example.org,2025-05-06,REGULAR,True
C0121,Onkar Gill,yashwali@example.com,2023-11-06,PREMIUM,True
C0122,Vincent Shenoy,fkhosla@example.net,2026-03-23,PREMIUM,True
C0123,Nakul Borah,tripti40@example.com,2025-05-23,REGULAR,True
C0124,Rushil Rajagopalan,chandani64@example.com,2025-07-26,PREMIUM,True
C0125,Chakrika Merchant,khalsalakshmi@example.net,2023-08-10,PREMIUM,True
C0126,Watika Mangat,amaharaj@example.net,2024-06-28,VIP,True
C0127,Gunbir Baral,theodore39@example.com,2024-10-28,VIP,True
C0128,Gautam Merchant,lbandi@example.com,2024-11-25,PREMIUM,True
C0129,Yachana Mahajan,mgill@example.org,2024-03-18,PREMIUM,True
C0130,Faqid Dhaliwal,vasatika45@example.org,2024-06-21,REGULAR,True
C0131,Aishani Yadav,fpau@example.com,2024-01-14,VIP,True
C0132,Lakshmi Prabhu,rpillay@example.net,2023-12-22,PREMIUM,True
C0133,Timothy Bhatnagar,urishillabakshi@example.net,2026-03-20,VIP,True
C0134,Logan Bath,pmittal@example.com,2023-09-02,VIP,True
C0135,Lipika Setty,waida11@example.org,2025-02-02,VIP,True
C0136,Vrishti Reddy,adubey@example.net,2024-09-13,REGULAR,True
C0137,Warinder Patil,prabhakarteerth@example.com,2023-12-08,REGULAR,True
C0138,Jason Sha,jagrati06@example.com,2023-11-26,REGULAR,True
C0139,Jeremiah Jha,anshbedi@example.com,2023-10-21,VIP,True
C0140,Aarnav Malhotra,tarakkaul@example.com,2024-02-16,VIP,True
C0141,Karan Aurora,zashilghosh@example.org,2025-01-13,REGULAR,True
C0142,Charles Date,ekiyababu@example.org,2025-04-20,VIP,True
C0143,Yochana Chopra,bhattvamakshi@example.com,2025-06-08,PREMIUM,True
C0144,Azaan Bhat,calebverma@example.com,2025-07-20,REGULAR,True
C0145,Sachi Borah,rsandhu@example.org,2023-11-09,PREMIUM,True
C0146,Lakshmi Wali,manbir12@example.com,2024-10-07,PREMIUM,True
C0147,Ishwar Kale,mtiwari@example.com,2025-05-05,VIP,True
C0148,Mohini Sagar,akari@example.com,2023-12-01,PREMIUM,True
C0149,Urvi Bhavsar,prisha54@example.com,2023-11-25,REGULAR,True
C0150,Kalpit Bhasin,chanderrachanaexample.org,2026-01-03,REGULAR,False
C0151,Charan Mani,jason65@example.net,2026-01-24,VIP,True
C0152,Mohammed Subramaniam,indira19@example.net,2024-06-19,PREMIUM,True
C0153,Upkaar Sanghvi,pallajhalak@example.org,2025-11-24,REGULAR,True
C0154,Dayamai Nori,lokeayush@example.org,2025-01-02,REGULAR,True
C0155,Ekaraj Dhar,gollaluke@example.net,2026-03-16,VIP,True
C0156,Sudiksha Om,chandtanveer@example.com,2024-03-07,VIP,True
C0157,Charles Dugal,devika59@example.net,2024-03-07,VIP,True
C0158,Vedika Sathe,bumbanita@example.com,2025-04-10,VIP,True
C0159,Indrajit Mander,tanveer81@example.com,2026-05-25,PREMIUM,True
C0160,Thomas Rana,qvyas@example.com,2026-01-23,REGULAR,True
C0161,Laksh Kumer,amblesamarth@example.com,2024-09-28,REGULAR,True
C0162,Parth Dayal,jagdish07@example.net,2025-02-16,REGULAR,True
C0163,Brijesh Sarin,xitipandya@example.org,2023-08-05,REGULAR,True
C0164,Nidhi Sahni,ubrahmbhatt@example.net,2024-09-28,VIP,True
C0165,Triveni Pathak,ravelansh@example.com,2023-11-20,PREMIUM,True
C0166,Farhan Randhawa,pcherian@example.com,2024-10-30,VIP,True
C0167,Yashvi Hari,timothy52@example.org,2024-12-30,VIP,True
C0168,Rudra Ghose,manbir31@example.org,2026-01-27,REGULAR,True
C0169,Ucchal Sen,faqidgoel@example.net,2026-05-30,PREMIUM,True
C0170,Riya Mitter,diya27@example.org,2024-09-05,REGULAR,True
C0171,Triya Seth,pandeyyashicaexample.org,2023-09-03,VIP,False
C0172,Yashica Rajagopalan,pillaybhavini@example.org,2025-06-24,REGULAR,True
C0173,Yachana Dora,senguptaraghav@example.com,2023-10-11,VIP,True
C0174,Yamini Gera,zchauhan@example.com,2023-09-05,VIP,True
C0175,Januja Pradhan,rakshasarnaexample.net,2024-09-18,VIP,False
C0176,Gaurika Bhatti,xrege@example.com,2024-11-30,VIP,True
C0177,Gauri Bumb,rajubhanumati@example.com,2025-12-28,PREMIUM,True
C0178,Kai Chad,inayamukherjee@example.net,2024-10-29,REGULAR,True
C0179,Pallavi Trivedi,inarasimhan@example.net,2025-01-19,REGULAR,True
C0180,Harita Sunder,patildayamai@example.org,2024-04-30,REGULAR,True
C0181,Harrison Tripathi,lakshdubey@example.org,2025-10-22,REGULAR,True
C0182,Mitesh Gaba,nayarkaran@example.net,2024-04-12,VIP,True
C0183,Wazir Sawhney,rakshabassi@example.com,2026-02-09,VIP,True
C0184,Upasna Hari,saumya38@example.org,2025-01-28,PREMIUM,True
C0185,Yadavi Wable,xshenoy@example.com,2025-04-17,VIP,True
C0186,Vasana Prabhu,ryandevi@example.com,2025-11-14,REGULAR,True
C0187,Naveen Mahajan,vartyjeet@example.com,2025-06-03,REGULAR,True
C0188,Ikshita Bala,rajeshrichand@example.org,2025-04-11,REGULAR,True
C0189,Libni Bumb,randhawayadavi@example.com,2025-02-08,PREMIUM,True
C0190,Madhav Devan,ayaannagar@example.org,2023-09-04,PREMIUM,True
C0191,Fariq Bahl,urmi27@example.com,2024-08-07,VIP,True
C0192,Bhavya Khanna,masonwable@example.com,2024-10-16,PREMIUM,True
C0193,Dev Choudhry,battawilliam@example.com,2025-08-21,VIP,True
C0194,Bishakha Sanghvi,varmawyatt@example.net,2023-07-09,REGULAR,True
C0195,Jalsa Bir,wridesh96@example.org,2025-10-01,REGULAR,True
C0196,Kashvi Kulkarni,ramakrishnanupma@example.org,2023-08-01,PREMIUM,True
C0197,Gaurangi Deol,ekansh53@example.net,2023-09-13,REGULAR,True
C0198,Qabil Deshmukh,hamsini27@example.net,2023-10-13,VIP,True
C0199,Ryan Barman,sbansal@example.org,2024-11-08,PREMIUM,True
C0200,Balhaar Halder,yutika68@example.com,2024-09-23,REGULAR,True
C0201,Rajeshri Ratta,champak54@example.org,2025-05-20,PREMIUM,True
C0202,Jhalak Venkataraman,lnori@example.com,2024-08-24,VIP,True
C0203,Chaaya Nagi,samrafarhan@example.com,2023-12-13,VIP,True
C0204,Pooja Ganesan,narangchakrika@example.com,2026-06-12,REGULAR,True
C0205,Radhika Maharaj,cpanchal@example.org,2026-03-26,PREMIUM,True
C0206,Azaan Dhar,bordenidra@example.com,2026-02-04,PREMIUM,True
C0207,Jeevika Pathak,ibanerjee@example.org,2025-02-20,VIP,True
C0208,Sachi Bose,dubeshivani@example.com,2025-12-14,VIP,True
C0209,Zaid Comar,jeevikarao@example.com,2023-08-16,PREMIUM,True
C0210,Adweta Lad,xalakvasa@example.com,2026-07-04,VIP,True
C0211,Ryan Das,nkala@example.com,2024-02-02,VIP,True
C0212,Gagan Nagarajan,sethorinder@example.net,2026-05-09,REGULAR,True
C0213,Nakul Ghosh,dhruv88@example.com,2025-01-18,REGULAR,True
C0214,Wakeeta Bal,jairajiyer@example.org,2025-01-17,VIP,True
C0215,Dominic More,unni82@example.net,2025-03-16,VIP,True
C0216,Jeremiah Nadig,avora@example.com,2026-03-30,REGULAR,True
C0217,Kabir Gopal,senguptaunnati@example.net,2024-01-23,REGULAR,True
C0218,Daksha Gala,dthakkar@example.org,2024-03-14,PREMIUM,True
C0219,Zashil Hegde,umang58@example.com,2026-03-19,VIP,True
C0220,Yadavi Ganguly,jeremiah49@example.net,2026-01-11,VIP,True
C0221,Ayush Bumb,onveernazareth@example.net,2023-09-15,VIP,True
C0222,Widisha Mann,shivansh96@example.net,2026-03-30,PREMIUM,True
C0223,Elijah Bhasin,vasudha36@example.com,2024-03-08,VIP,True
C0224,Harini Dhawan,esagar@example.com,2024-11-03,REGULAR,True
C0225,Eiravati Khurana,hemani62@example.com,2025-06-30,VIP,True
C0226,Gunbir Bedi,lokeshivani@example.org,2024-09-29,VIP,True
C0227,Dhriti Gupta,psahota@example.org,2024-03-10,REGULAR,True
C0228,Widisha Bajaj,dvarma@example.com,2023-11-23,PREMIUM,True
C0229,Ira Bava,dtiwari@example.org,2023-09-23,REGULAR,True
C0230,Hritik Sankar,warda97@example.com,2024-01-31,REGULAR,True
C0231,Charan Hayer,jasmit65@example.org,2025-01-20,VIP,True
C0232,Jagat Dave,ethan68@example.com,2023-12-04,PREMIUM,True
C0233,Maanas Issac,yprakash@example.com,2026-01-27,PREMIUM,True
C0234,Laksh Nath,ctella@example.org,2025-07-11,VIP,True
C0235,Falak Nagar,mdixit@example.net,2024-03-15,VIP,True
C0236,Chandani Soman,lmistry@example.com,2023-08-01,REGULAR,True
C0237,Avi Som,garima16@example.net,2024-08-22,VIP,True
C0238,Manbir Kibe,charansrinivasan@example.org,2023-08-25,PREMIUM,True
C0239,Omya Doshi,halderanirudh@example.com,2025-04-08,REGULAR,True
C0240,David Devi,nirjathaker@example.net,2025-09-19,REGULAR,True
C0241,Dipta Ghose,ektasridhar@example.net,2025-06-20,REGULAR,True
C0242,Yatin Mallick,irya49@example.com,2025-11-19,REGULAR,True
C0243,Vrinda Nadig,umang44@example.net,2025-07-21,VIP,True
C0244,Megha Pai,anusha41@example.net,2024-02-19,REGULAR,True
C0245,Aahana Srinivas,brijesh41@example.com,2024-06-03,VIP,True
C0246,Wriddhish Kibe,anikamagar@example.org,2023-09-23,VIP,True
C0247,Ganga Sodhi,virajben@example.org,2023-12-10,PREMIUM,True
C0248,Vansha Iyengar,abduldugar@example.com,2024-09-25,REGULAR,True
C0249,Baljiwan Gill,bhavika01@example.net,2025-04-16,REGULAR,True
C0250,Bimala Barad,balhaarranganathan@example.com,2023-07-21,REGULAR,True
C0251,Krish Thaman,hredhaan54@example.com,2025-07-03,REGULAR,True
C0252,Aarini Grewal,reyansh15@example.org,2023-07-28,VIP,True
C0253,Prisha Varma,chakrika93@example.org,2024-11-27,REGULAR,True
C0254,Vansha Naik,rattangirish@example.org,2024-07-26,REGULAR,True
C0255,Amara Narayan,lalleela@example.org,2024-10-18,PREMIUM,True
C0256,David Dani,laljagvi@example.net,2025-06-28,VIP,True
C0257,Jacob Merchant,nathaniel68@example.net,2025-01-27,PREMIUM,True
C0258,Suhani Prakash,theodoredeol@example.com,2025-04-12,VIP,True
C0259,Yug Bumb,zyogi@example.net,2025-09-30,PREMIUM,True
C0260,Isaac Bhatia,twable@example.com,2025-11-03,VIP,True
C0261,Jackson Jha,masongala@example.com,2025-12-28,REGULAR,True
C0262,Sudiksha Deo,gchand@example.com,2025-09-11,PREMIUM,True
C0263,Darika Bains,kshan@example.org,2025-03-13,REGULAR,True
C0264,Pallavi Padmanabhan,aarush39@example.org,2026-06-29,PREMIUM,True
C0265,Bhavini Rege,bhasinekapad@example.com,2024-04-11,VIP,True
C0266,Krishna Prashad,oshaprasad@example.com,2023-11-08,REGULAR,True
C0267,Joshua Kapoor,ijayadani@example.org,2023-07-12,REGULAR,True
C0268,Ladli Karpe,misraubika@example.net,2024-07-25,REGULAR,True
C0269,Isaiah Balay,jpal@example.com,2026-04-27,PREMIUM,True
C0270,Harrison Bandi,pbabu@example.org,2025-05-30,REGULAR,True
C0271,Vivaan Zacharia,kondachaitanya@example.com,2024-06-08,REGULAR,True
C0272,Eiravati Nagi,deyyahvi@example.com,2024-07-09,REGULAR,True
C0273,Anvi Bhat,luke83@example.com,2025-11-17,REGULAR,True
C0274,Lakshmi Vohra,prishatandon@example.org,2024-11-13,PREMIUM,True
C0275,Qarin Yogi,jrege@example.com,2025-07-11,PREMIUM,True
C0276,Ubika Bhardwaj,umangmital@example.net,2025-11-26,PREMIUM,True
C0277,Lipika Kibe,jsaha@example.net,2024-08-06,VIP,True
C0278,George Wason,gangabrar@example.com,2024-04-27,REGULAR,True
C0279,Elijah Guha,loyalkrishna@example.net,2026-01-04,VIP,True
C0280,Alexander Kakar,varenyajoshi@example.com,2024-04-27,REGULAR,True
C0281,Mekhala Khatri,srinivasxavier@example.net,2025-11-10,PREMIUM,True
C0282,Darika Lal,barkha67@example.net,2025-01-15,PREMIUM,True
C0283,Ekaja Jani,gshukla@example.net,2025-02-01,VIP,True
C0284,Amol Lal,odika09@example.org,2025-11-12,VIP,True
C0285,Victor Raghavan,jmerchant@example.org,2025-12-08,PREMIUM,True
C0286,Vritti Sharma,xalaknazareth@example.com,2024-03-24,PREMIUM,True
C0287,Daniel Viswanathan,omkaar28@example.com,2023-08-28,PREMIUM,True
C0288,Vihaan Bir,bavaabeer@example.com,2024-02-26,VIP,True
C0289,Darpan Subramanian,kamdaryashasvi@example.com,2026-04-26,VIP,True
C0290,Advik Badal,ababu@example.net,2025-10-06,PREMIUM,True
C0291,Praneel Chhabra,bhavini08@example.net,2023-12-03,VIP,True
C0292,Irya Loke,wrideshhanda@example.net,2025-03-14,PREMIUM,True
C0293,Upkaar Mital,prakashnidra@example.com,2026-06-03,VIP,True
C0294,Krishna Soni,balaygirik@example.com,2023-10-02,VIP,True
C0295,Garima Chandran,gargfitan@example.com,2025-10-04,PREMIUM,True
C0296,Anika Batra,karpesiddharth@example.net,2023-10-30,PREMIUM,True
C0297,Maanas Rao,bachittar25@example.org,2023-11-03,REGULAR,True
C0298,Garima Rajagopalan,nicholas93@example.net,2024-02-09,PREMIUM,True
C0299,Rajeshri Kata,tellahiral@example.org,2023-11-02,PREMIUM,True
C0300,Shravya Swaminathan,mekhala50@example.net,2024-06-25,PREMIUM,True
C0301,Frederick Merchant,keya62@example.net,2024-07-23,REGULAR,True
C0302,Mitesh Ramachandran,butalaamrita@example.org,2024-11-09,VIP,True
C0303,Jagvi Madan,hredhaan10@example.com,2023-12-12,PREMIUM,True
C0304,Yauvani Reddy,gagangrover@example.com,2023-12-14,REGULAR,True
C0305,Ekta Rajan,chakrabortyirya@example.net,2023-07-26,VIP,True
C0306,Omkaar Rai,odika61@example.net,2024-03-26,REGULAR,True
C0307,Madhav Bhatnagar,amrutamitra@example.com,2024-03-22,REGULAR,True
C0308,Faraj Patel,amajumdar@example.com,2024-08-01,VIP,True
C0309,Krishna Modi,warhihayre@example.com,2023-07-17,REGULAR,True
C0310,Ria Natt,nnatarajan@example.com,2025-05-05,REGULAR,True
C0311,Varenya Murthy,charitanagi@example.net,2024-04-07,REGULAR,True
C0312,Xavier Nanda,snagar@example.net,2025-02-10,PREMIUM,True
C0313,Pranit Bala,maya51@example.net,2025-06-23,REGULAR,True
C0314,Nilima Tata,rakshamanne@example.net,2024-02-08,VIP,True
C0315,Krishna Borah,wyatt42@example.net,2025-06-03,REGULAR,True
C0316,Balhaar Parsa,irattan@example.net,2026-06-30,REGULAR,True
C0317,Ojas Basu,choprayuvraj@example.net,2025-11-27,PREMIUM,True
C0318,Advaith Chaudhari,ynarula@example.com,2024-08-11,PREMIUM,True
C0319,Sanaya Prasad,yashvivenkataraman@example.net,2025-03-05,VIP,True
C0320,Vasudha Cheema,jtella@example.com,2024-10-07,VIP,True
C0321,Ijaya Muni,hchada@example.net,2024-12-20,VIP,True
C0322,Vamakshi Chatterjee,hjhaveri@example.com,2025-05-17,VIP,True
C0323,Ishwar Bajaj,enagar@example.com,2024-12-20,VIP,True
C0324,Nathaniel Narayanan,galayagnesh@example.net,2025-11-22,REGULAR,True
C0325,Quincy Sankaran,oshere@example.com,2025-03-12,VIP,True
C0326,Lopa Agrawal,horashivani@example.net,2026-07-05,PREMIUM,True
C0327,Harsh Yadav,sameshmallick@example.net,2024-04-22,VIP,True
C0328,Vrishti Wable,eshana37@example.org,2026-03-25,VIP,True
C0329,Ijaya Pandey,lipika96@example.net,2025-06-17,REGULAR,True
C0330,Dhriti Dalal,chamelichad@example.net,2024-07-11,PREMIUM,True
C0331,Yasti Rama,jackson25@example.net,2025-04-16,PREMIUM,True
C0332,Oscar Ganesan,leelasampath@example.org,2025-08-05,PREMIUM,True
C0333,Jagrati Andra,logan25@example.com,2025-07-28,PREMIUM,True
C0334,Nilima Swamy,robertrajagopalan@example.net,2025-04-12,VIP,True
C0335,Thomas Master,ksuresh@example.org,2023-08-26,PREMIUM,True
C0336,Warhi Vaidya,umang84@example.org,2023-12-29,VIP,True
C0337,Ridhi Kamdar,loyaljeevika@example.net,2025-04-27,PREMIUM,True
C0338,Adya Pall,kotachameli@example.org,2023-11-19,VIP,True
C0339,Indali Sangha,xdalal@example.org,2024-03-20,PREMIUM,True
C0340,Avni Yohannan,samueljhaveri@example.org,2024-03-24,REGULAR,True
C0341,Krishna Sabharwal,brinda49@example.com,2023-10-07,PREMIUM,True
C0342,Yug Ramaswamy,jonathan23@example.org,2025-08-05,PREMIUM,True
C0343,Faqid Chander,amrutasachdeva@example.com,2025-03-23,VIP,True
C0344,Girik Shanker,jyoti77@example.com,2026-03-19,REGULAR,True
C0345,Siddharth Talwar,dev86@example.org,2024-08-27,PREMIUM,True
C0346,Vedhika Oza,bhanumati58@example.net,2026-06-01,REGULAR,True
C0347,Amol Dash,batrahardik@example.net,2024-03-08,PREMIUM,True
C0348,Kevin Mittal,ashan@example.com,2024-03-09,VIP,True
C0349,Noah Ben,girik54@example.org,2025-03-13,PREMIUM,True
C0350,Aarav Kala,vivaan61@example.net,2025-07-16,VIP,True
C0351,Aditya Anand,deoupkaar@example.net,2026-06-21,REGULAR,True
C0352,Veer Rajagopal,jai62@example.com,2023-11-22,PREMIUM,True
C0353,Laksh Raja,chauhandhriti@example.com,2024-01-29,REGULAR,True
C0354,Nitesh Sarraf,ekapadwali@example.net,2025-01-02,VIP,True
C0355,Teerth Chadha,maxsabharwal@example.net,2023-12-10,PREMIUM,True
C0356,Divya Dey,jatinrajagopalan@example.com,2024-07-25,REGULAR,True
C0357,Avi Mitra,frado38@example.net,2024-05-21,PREMIUM,True
C0358,Wriddhish Talwar,manyamerchant@example.net,2025-02-25,PREMIUM,True
C0359,Advik Patel,khoslaxalak@example.net,2024-11-09,PREMIUM,True
C0360,Urishilla Bora,lilasalvi@example.com,2023-08-01,VIP,True
C0361,Darpan Rao,atwaladweta@example.org,2025-08-31,VIP,True
C0362,Fitan Yadav,yachana66@example.net,2025-10-19,PREMIUM,True
C0363,Yasti Jani,arunimachacko@example.com,2024-03-04,PREMIUM,True
C0364,William Bhardwaj,mahika91@example.com,2024-07-20,REGULAR,True
C0365,Dayamai Gill,sarafjack@example.com,2024-01-08,REGULAR,True
C0366,Idika Virk,devanadvay@example.org,2025-09-17,VIP,True
C0367,Jacob Balan,ojas52@example.net,2024-12-08,VIP,True
C0368,Faraj Taneja,hmagar@example.org,2025-06-13,REGULAR,True
C0369,Nakul Kumer,christopher79@example.org,2023-12-13,PREMIUM,True
C0370,Advik Konda,kariyashodhara@example.org,2023-09-16,VIP,True
C0371,Balendra Saini,ypatla@example.org,2024-06-19,REGULAR,True
C0372,Kashish Dar,yuvraj65@example.com,2025-08-24,PREMIUM,True
C0373,Nandini Biswas,golaudant@example.net,2025-06-28,REGULAR,True
C0374,Abhiram Pillay,deepa51@example.net,2024-05-13,VIP,True
C0375,Wakeeta Hayre,daksha93@example.com,2025-11-02,PREMIUM,True
C0376,Viraj Pal,matthewahuja@example.com,2026-03-20,REGULAR,True
C0377,Damyanti Chawla,nayakaarav@example.net,2024-05-20,VIP,True
C0378,Ati Chander,oniswamy@example.org,2023-09-13,VIP,True
C0379,Tara Chad,zinalsachar@example.net,2025-12-25,PREMIUM,True
C0380,Falan Bhatia,tiwarikiaan@example.net,2025-05-12,REGULAR,True
C0381,Maya Narain,warjasmanne@example.com,2024-11-12,PREMIUM,True
C0382,Laban Chopra,omagar@example.org,2024-03-04,PREMIUM,True
C0383,Niharika Dara,galashivani@example.com,2025-10-16,REGULAR,True
C0384,Jagdish Chana,sarthak74@example.com,2024-03-07,PREMIUM,True
C0385,Yuvraj Parekh,banjeet35@example.org,2025-03-13,REGULAR,True
C0386,Nidhi Sethi,mistryabha@example.org,2025-11-16,REGULAR,True
C0387,Jairaj Arora,girindrashere@example.org,2023-10-10,VIP,True
C0388,Frado Lad,kalpithora@example.com,2023-10-31,REGULAR,True
C0389,Kabir Chanda,bhattacharyyarudra@example.net,2024-12-03,PREMIUM,True
C0390,Rachita Rana,basaktriya@example.org,2025-08-15,REGULAR,True
C0391,Tanish Grover,rajapooja@example.org,2024-09-06,PREMIUM,True
C0392,Chakrika Tara,sanaya20@example.net,2025-04-07,VIP,True
C0393,Laksh Saini,fbhat@example.com,2024-05-11,VIP,True
C0394,Varsha Sundaram,anirudhraja@example.net,2024-12-22,PREMIUM,True
C0395,Theodore Balan,lipika42@example.org,2024-09-15,VIP,True
C0396,Nathaniel Chaudhry,sodhiishita@example.net,2024-07-26,PREMIUM,True
C0397,Theodore Rama,amairawalla@example.net,2025-01-08,REGULAR,True
C0398,Jagrati Bala,patrickkhalsa@example.net,2026-07-03,VIP,True
C0399,Parth Swaminathan,lucky93@example.com,2023-09-03,REGULAR,True
C0400,Anmol Vyas,bhallaviraj@example.net,2025-07-18,PREMIUM,True
C0401,Peter Naik,narulasaksham@example.org,2023-10-07,REGULAR,True
C0402,Elijah Prakash,divanlucky@example.org,2026-07-05,VIP,True
C0403,Laban Dugar,vchaudhuri@example.com,2025-05-15,REGULAR,True
C0404,Udant Gill,lnadig@example.net,2025-02-13,VIP,True
C0405,Mahika Bali,chaitaly22@example.net,2024-04-14,PREMIUM,True
C0406,Garima Brahmbhatt,timothy91@example.com,2024-07-10,PREMIUM,True
C0407,Sanya Apte,ekaja21@example.net,2024-08-21,VIP,True
C0408,Hritik Agarwal,zaidbir@example.com,2023-09-19,REGULAR,True
C0409,Odika Tailor,usarma@example.com,2025-02-14,PREMIUM,True
C0410,Nicholas Seth,keya17@example.net,2023-10-29,VIP,True
C0411,Henry Borah,menonanmol@example.com,2024-12-18,REGULAR,True
C0412,Girik Nigam,keyadyal@example.net,2026-01-14,VIP,True
C0413,Radha Dugar,bbalasubramanian@example.net,2023-09-28,REGULAR,True
C0414,Alka Manda,narulasamesh@example.org,2024-10-10,REGULAR,True
C0415,Mitesh Bhagat,gopalbawa@example.com,2025-01-17,REGULAR,True
C0416,Ryan Chatterjee,sanegagan@example.com,2023-08-15,VIP,True
C0417,Jack Morar,onkarmanne@example.org,2025-03-15,VIP,True
C0418,Lila Goyal,qsuresh@example.com,2025-02-02,PREMIUM,True
C0419,Adya Sarraf,lpingle@example.com,2025-06-28,VIP,True
C0420,Gunbir Chada,upkaar49@example.org,2026-05-09,PREMIUM,True
C0421,Lila Virk,odika93@example.net,2025-04-17,VIP,True
C0422,Megha Banerjee,ekeer@example.com,2025-08-24,PREMIUM,True
C0423,Siddharth Hans,jaisen@example.org,2024-01-19,REGULAR,True
C0424,Saksham Divan,sampathfarhan@example.net,2026-01-16,VIP,True
C0425,Eshana Majumdar,ekaja11@example.com,2025-09-21,PREMIUM,True
C0426,Isaiah Sachdeva,yarora@example.net,2024-02-24,REGULAR,True
C0427,Bhavika Wason,harishcherian@example.net,2024-12-22,VIP,True
C0428,Urvashi Barad,ylalla@example.net,2024-03-30,REGULAR,True
C0429,Balvan Randhawa,neha29@example.net,2024-12-02,VIP,True
C0430,Anmol Nazareth,chandransoman@example.com,2024-10-19,VIP,True
C0431,Charita Savant,avni71@example.org,2024-11-16,REGULAR,True
C0432,Siddharth Ray,omaja91@example.org,2025-07-28,VIP,True
C0433,Yashawini Raval,daksh82@example.org,2024-02-02,PREMIUM,True
C0434,Zaid Bali,ghosereyansh@example.org,2025-06-15,VIP,True
C0435,Ucchal Tiwari,patelrushil@example.com,2025-03-14,PREMIUM,True
C0436,Sanaya Goel,balasubramanianwyatt@example.com,2025-07-13,PREMIUM,True
C0437,Bhavani Bala,hemangini24@example.net,2025-02-26,PREMIUM,True
C0438,Samuel Luthra,gabatanish@example.org,2026-04-14,REGULAR,True
C0439,Urvi Deo,bvarghese@example.net,2026-04-07,PREMIUM,True
C0440,Anvi Sampath,abhiramkapur@example.com,2025-02-10,PREMIUM,True
C0441,Mekhala Chaudry,tripti43@example.com,2023-07-18,PREMIUM,True
C0442,Gayathri Malhotra,barkha41@example.com,2026-03-28,VIP,True
C0443,Zansi Khosla,aradhana44@example.org,2023-10-03,REGULAR,True
C0444,Widisha Merchant,rnagarajan@example.org,2024-08-13,PREMIUM,True
C0445,Ranveer Oza,yravel@example.net,2024-06-16,PREMIUM,True
C0446,Pratyush Memon,gparmer@example.com,2023-12-05,REGULAR,True
C0447,Gautami Chakraborty,vdave@example.com,2024-06-16,VIP,True
C0448,Abha Menon,udant46@example.com,2025-06-26,REGULAR,True
C0449,Urmi Hayer,singhalchatresh@example.net,2025-08-22,PREMIUM,True
C0450,Matthew Devan,rajchanchal@example.com,2024-05-13,PREMIUM,True
C0451,Pranit Buch,nimrat97@example.org,2025-08-02,REGULAR,True
C0452,Anusha Kadakia,peter50@example.org,2024-03-24,VIP,True
C0453,Pushti Raval,vrishtichakrabarti@example.org,2025-05-03,PREMIUM,True
C0454,Kashvi Atwal,arajagopal@example.org,2024-11-18,VIP,True
C0455,Upkaar Padmanabhan,andrewagrawal@example.net,2024-11-02,REGULAR,True
C0456,Oliver Bhattacharyya,harshilrajagopal@example.net,2023-09-16,VIP,True
C0457,Radha Desai,bina78@example.net,2024-12-20,VIP,True
C0458,Netra Bahl,wparmer@example.org,2024-06-25,VIP,True
C0459,Yamini Gara,karankakar@,2024-01-14,REGULAR,False
C0460,Chanakya Chokshi,baljiwan64@example.net,2026-04-17,REGULAR,True
C0461,Lajita Dasgupta,bavajack@example.com,2025-11-03,REGULAR,True
C0462,Charvi Salvi,urvi23@example.net,2026-04-29,REGULAR,True
C0463,Omya Cheema,venkateshanamika@example.net,2025-09-08,VIP,True
C0464,Rushil Iyengar,mandalishaan@example.org,2024-08-18,VIP,True
C0465,Balveer Taneja,ishitarout@example.com,2024-05-24,PREMIUM,True
C0466,Gaurav Choudhry,pnarayanan@example.org,2025-12-14,REGULAR,True
C0467,Harrison Kunda,fdixit@example.net,2026-04-02,REGULAR,True
C0468,Chandresh Chaudhry,tanmayiminhas@example.com,2024-04-03,VIP,True
C0469,Pooja D’Alia,mannanjagvi@example.net,2023-12-01,REGULAR,True
C0470,Falguni Parmar,andralakshit@example.net,2025-05-16,PREMIUM,True
C0471,Nandini Ratta,girik55@example.org,2025-06-15,PREMIUM,True
C0472,Isaiah Deo,lekha76@example.net,2026-06-22,VIP,True
C0473,Raksha Golla,duttahemang@example.com,2026-02-10,REGULAR,True
C0474,Vasudha Sura,nparmer@example.org,2023-12-29,PREMIUM,True
C0475,Dipta Arora,csastry@example.org,2026-07-05,VIP,True
C0476,Rachita Kothari,hamsinivenkataraman@example.net,2025-07-24,PREMIUM,True
C0477,Advay Dugar,lekha28@example.net,2025-08-30,PREMIUM,True
C0478,Ekani Khosla,ktandon@example.org,2024-12-02,PREMIUM,True
C0479,Neha Keer,chandresh83@example.net,2023-11-06,VIP,True
C0480,Gaurang Tara,zsawhney@example.net,2025-05-31,PREMIUM,True
C0481,Nitara Banik,jagat70@example.org,2025-11-18,VIP,True
C0482,Tanmayi Om,chanddaksha@example.net,2025-01-21,PREMIUM,True
C0483,Januja Sethi,kapoorsuhani@example.com,2023-12-31,PREMIUM,True
C0484,Bishakha Vig,kapadiaaarnav@example.com,2025-02-06,VIP,True
C0485,Nimrat Chhabra,bathnitesh@example.com,2024-08-05,PREMIUM,True
C0486,Tanvi Halder,raghavdara@example.com,2024-12-12,VIP,True
C0487,Shravya Shankar,sachdevachakradhar@example.net,2026-04-24,VIP,True
C0488,Rachita Subramanian,wishiagrawal@example.net,2025-09-03,PREMIUM,True
C0489,Ekanta Thaman,oscardave@example.org,2025-02-23,REGULAR,True
C0490,Chaitaly Sethi,rkothari@example.com,2024-01-30,VIP,True
C0491,Teerth Iyer,nitaravala@example.com,2024-05-27,REGULAR,True
C0492,Jack Pandey,hemani22@example.net,2025-11-26,PREMIUM,True
C0493,Pahal Arya,rsahni@example.net,2025-09-26,PREMIUM,True
C0494,Daksh Iyengar,bakshilakshmiexample.org,2024-08-24,PREMIUM,False
C0495,Chakrika Jani,bhavinikrishna@example.org,2025-10-24,REGULAR,True
C0496,Lopa Khanna,parmersneha@example.org,2025-09-07,PREMIUM,True
C0497,Chatura Arya,champak66@example.com,2024-07-31,VIP,True
C0498,Ronith Hari,saanvikar@example.net,2024-10-05,REGULAR,True
C0499,Oscar Varkey,rgoel@example.org,2024-01-08,VIP,True
C0500,Kalpit Dyal,bbaria@example.com,2025-12-30,PREMIUM,True
C0501,Balveer Dube,abdul57@example.net,2024-11-19,VIP,True
C0502,Elijah Nadkarni,mitravritti@example.net,2025-09-30,PREMIUM,True
C0503,Ojasvi Yadav,qarinverma@example.org,2025-03-24,REGULAR,True
C0504,Garima Patel,pallatimothy@example.org,2024-10-05,REGULAR,True
C0505,Sanaya Khosla,vaishnaviandra@example.org,2026-03-30,PREMIUM,True
C0506,Libni Kunda,balveernagi@example.com,2025-10-23,VIP,True
C0507,Vidhi Bassi,aryan85@example.net,2024-10-09,REGULAR,True
C0508,Oliver Yogi,ekanivarkey@example.org,2025-10-12,VIP,True
C0509,Panini Chawla,bhattishivansh@example.net,2024-05-21,PREMIUM,True
C0510,Arjun Sharaf,vbora@example.net,2024-12-03,PREMIUM,True
C0511,Zayan Bobal,chahalethan@example.org,2025-12-16,REGULAR,True
C0512,Nidhi Sant,aarnareddy@example.com,2024-11-09,REGULAR,True
C0513,Dev Bath,ramachandranjagat@example.net,2026-06-29,PREMIUM,True
C0514,Charvi Chadha,parmaryadavi@example.org,2024-09-16,REGULAR,True
C0515,Urvi Dugar,zraj@example.net,2025-10-12,VIP,True
C0516,Maanas Misra,labanraman@example.net,2026-05-24,REGULAR,True
C0517,Benjamin Ahluwalia,advay88@example.org,2025-12-12,REGULAR,True
C0518,Shivansh Padmanabhan,jyogi@example.org,2024-05-30,PREMIUM,True
C0519,Timothy Krishnan,jvala@example.org,2024-05-03,REGULAR,True
C0520,Elijah Mannan,gollachatura@example.net,2026-05-15,VIP,True
C0521,Ganga Parikh,krishnaguneet@example.org,2024-01-22,PREMIUM,True
C0522,Rishi Nadkarni,harishmane@example.net,2025-07-30,PREMIUM,True
C0523,Michael Patla,nnarasimhan@example.net,2024-11-09,REGULAR,True
C0524,Timothy Sarin,aganguly@example.com,2024-09-08,PREMIUM,True
C0525,Jagrati Mody,krish57@example.com,2025-08-01,VIP,True
C0526,Ronith Lall,gillfinn@example.com,2026-03-06,REGULAR,True
C0527,Nidhi Kala,borraanirudh@example.net,2023-09-01,PREMIUM,True
C0528,Bina Desai,urmi25@example.com,2025-06-27,PREMIUM,True
C0529,William Gandhi,ranganathanjanuja@example.net,2025-09-12,PREMIUM,True
C0530,Veda Parmer,sanayadutta@example.org,2023-09-07,PREMIUM,True
C0531,Kala Kaur,vinayakata@example.org,2023-09-11,REGULAR,True
C0532,Suhani Batra,zarnapatel@example.com,2023-09-06,PREMIUM,True
C0533,Owen Puri,harshil84@example.net,2026-04-17,PREMIUM,True
C0534,Zansi Krishnamurthy,lpau@example.net,2025-02-10,VIP,True
C0535,Vidhi Subramaniam,zaitraravi@example.com,2026-01-30,VIP,True
C0536,Victor Bose,thakerliam@example.com,2025-09-13,VIP,True
C0537,Jagat Karpe,siddharth22@example.org,2025-04-11,REGULAR,True
C0538,Neel Roy,ishaan77@example.com,2023-08-10,VIP,True
C0539,Krish Vala,calebdatta@example.net,2023-09-05,REGULAR,True
C0540,Zansi Ravi,dakshganesan@example.com,2026-01-23,VIP,True
C0541,Urishilla Subramaniam,manderfrederick@example.org,2024-03-27,PREMIUM,True
C0542,Yasti Lalla,nirjadhar@example.net,2024-03-23,REGULAR,True
C0543,Kritika Rajan,sudiksha99@example.org,2024-01-28,PREMIUM,True
C0544,Mason Char,babusamaksh@example.net,2024-04-07,REGULAR,True
C0545,Girik Subramaniam,ybarad@example.net,2026-04-26,VIP,True
C0546,Kamala Bassi,aaravsankar@example.net,2026-06-24,VIP,True
C0547,Inaya Chaudhari,zkarnik@example.com,2025-04-27,REGULAR,True
C0548,Bhanumati Rege,aachalsood@example.org,2024-08-10,VIP,True
C0549,Zinal Amble,abdulamble@example.net,2025-02-08,PREMIUM,True
C0550,Mohammed Sandhu,diyarege@example.com,2026-04-14,REGULAR,True
C0551,Anya Ranganathan,advika86@example.net,2024-05-18,VIP,True
C0552,Zehaan Mohanty,lsubramanian@example.com,2025-12-20,PREMIUM,True
C0553,Sanya Edwin,mitali21@example.net,2023-12-09,PREMIUM,True
C0554,Naveen Ramachandran,yashodarattan@example.com,2026-03-20,REGULAR,True
C0555,Gaurang Bhatt,chandmaanav@example.com,2024-08-18,PREMIUM,True
C0556,Leena Rattan,kamalabuch@example.net,2026-02-14,PREMIUM,True
C0557,Saksham Vasa,dakshesh27@example.com,2024-09-23,PREMIUM,True
C0558,Omkaar Banik,bahadurjituppal@example.net,2025-01-15,PREMIUM,True
C0559,Mugdha Pandit,aadidugar@example.org,2026-05-12,PREMIUM,True
C0560,Ekapad Chana,lravi@example.org,2025-11-06,PREMIUM,True
C0561,Suhani Raval,ijaya54@example.org,2025-12-16,PREMIUM,True
C0562,Elijah Thakur,lalparth@example.com,2024-10-06,REGULAR,True
C0563,Saanvi Purohit,jackson84@example.net,2025-11-27,REGULAR,True
C0564,Triveni Bala,wkohli@example.com,2025-07-24,VIP,True
C0565,Victor Mutti,kuruvillaekansh@example.com,2025-04-07,PREMIUM,True
C0566,Yuvraj Mani,zaitra80@example.net,2023-11-28,VIP,True
C0567,Vamakshi Murthy,eoommen@example.net,2025-01-06,PREMIUM,True
C0568,Wishi Iyengar,amrutagoswamiexample.net,2024-07-05,PREMIUM,False
C0569,Zaid Parekh,alkajhaveri@example.org,2024-03-05,VIP,True
C0570,Abeer Basak,darfarhan@example.net,2025-07-25,VIP,True
C0571,Qadim Vaidya,divya79@example.com,2024-09-14,VIP,True
C0572,Chatura Vora,wkapadia@example.net,2025-04-24,REGULAR,True
C0573,Meera Ghosh,czachariah@example.net,2025-06-16,PREMIUM,True
C0574,Advik Kade,vasatriveni@example.com,2025-02-15,VIP,True
C0575,Rachit Lall,nandajanaki@example.net,2024-07-09,VIP,True
C0576,Wishi Samra,urishilla95@example.com,2024-05-29,REGULAR,True
C0577,Shravya Gole,xpradhan@example.com,2025-12-10,PREMIUM,True
C0578,Warinder Sankaran,veerchaudhry@example.net,2025-02-17,PREMIUM,True
C0579,Patrick Sama,madhavdoctor@example.com,2025-08-21,REGULAR,True
C0580,Vidhi Mital,zansiwalla@example.net,2024-07-30,REGULAR,True
C0581,Darpan Kale,raohardik@example.net,2024-08-05,PREMIUM,True
C0582,Abha Patel,cchar@example.net,2025-01-16,REGULAR,True
C0583,Rushil Yohannan,hemangini06@example.org,2024-04-03,REGULAR,True
C0584,Farhan Raj,isha58@example.com,2026-02-14,PREMIUM,True
C0585,Oviya Ravel,ubika22@example.net,2023-10-25,VIP,True
C0586,Edhitha Manne,edwinhemal@example.org,2024-08-25,VIP,True
C0587,Odika Ganesh,cmadan@example.com,2024-04-17,VIP,True
C0588,Fariq Kade,dasswahab@example.net,2024-03-22,PREMIUM,True
C0589,Chatura Bal,gchauhan@example.org,2025-03-14,PREMIUM,True
C0590,Frado Ramakrishnan,chawlaadweta@example.net,2024-10-29,PREMIUM,True
C0591,Karan Vyas,yugmander@example.com,2024-03-28,PREMIUM,True
C0592,Unni Zachariah,banerjeeishanvi@example.com,2024-09-02,PREMIUM,True
C0593,Tanmayi Saran,sdeshmukh@example.net,2025-09-27,PREMIUM,True
C0594,Riya Morar,idika78@example.org,2025-01-25,VIP,True
C0595,Aadi Virk,jlad@example.com,2024-02-03,VIP,True
C0596,Vansha Mistry,bhavini78@example.org,2023-07-21,PREMIUM,True
C0597,Kashvi Gulati,mmaster@example.org,2025-04-06,REGULAR,True
C0598,Kritika Kannan,prana@example.org,2024-08-18,PREMIUM,True
C0599,Bhavani Wali,samiwriddhish@example.net,2024-08-27,REGULAR,True
C0600,Bimala Choudhry,eguha@example.org,2026-03-22,VIP,True
C0601,Raghav Nagi,rsethi@example.net,2023-08-06,REGULAR,True
C0602,Harsh Manda,chandranwarrior@example.org,2024-08-28,REGULAR,True
C0603,Matthew Aurora,rakshaanand@example.org,2025-08-11,VIP,True
C0604,Kamya Sheth,hemasalvi@example.com,2026-06-23,VIP,True
C0605,Amaira Ramanathan,narayananfaris@example.org,2023-10-25,REGULAR,True
C0606,Advik Dara,mgolla@example.com,2024-07-27,REGULAR,True
C0607,Rushil Sharma,psavant@example.net,2023-11-29,REGULAR,True
C0608,Ekantika Dutt,urvashiramachandran@example.net,2026-03-10,VIP,True
C0609,Chanchal Issac,vermajasonexample.com,2025-01-16,REGULAR,False
C0610,Ekta Aurora,kamdarisaiah@example.org,2024-03-22,REGULAR,True
C0611,Vaishnavi Dubey,jagdish63@example.org,2025-02-02,REGULAR,True
C0612,Hamsini Bhasin,kotharinakul@example.com,2023-10-07,PREMIUM,True
C0613,Viraj Nadig,mitesh81@example.org,2025-11-20,REGULAR,True
C0614,Ishita Desai,reva30@example.net,2024-07-30,REGULAR,True
C0615,Vrishti Gupta,sundaramraksha@example.net,2025-12-03,REGULAR,True
C0616,Anvi Dyal,ijayanaik@example.net,2023-10-21,PREMIUM,True
C0617,Sudiksha Acharya,shivanimerchant@example.com,2026-03-24,VIP,True
C0618,William Nagi,bgoyal@example.net,2023-10-13,PREMIUM,True
C0619,Mitesh Mandal,hgupta@example.net,2024-11-19,VIP,True
C0620,Caleb Dayal,hnagy@example.org,2024-04-09,PREMIUM,True
C0621,Hardik Balay,jaggihredhaan@example.com,2025-12-10,VIP,True
C0622,Chandran Peri,hsuri@example.net,2024-06-13,VIP,True
C0623,Fariq Sidhu,aryasathvik@example.net,2026-03-25,PREMIUM,True
C0624,Amaira Wadhwa,patelojasvi@example.com,2023-09-08,REGULAR,True
C0625,Harrison Kashyap,modifaras@example.org,2025-10-09,PREMIUM,True
C0626,Praneel Sagar,mgupta@example.net,2023-12-17,PREMIUM,True
C0627,Neelima Thaman,tara61@example.org,2024-12-12,PREMIUM,True
C0628,Kamya Sachar,saanvipandey@example.com,2026-03-16,PREMIUM,True
C0629,Keya Kumar,mnaik@example.org,2025-01-16,REGULAR,True
C0630,Bhavani Babu,zsem@example.org,2025-09-18,REGULAR,True
C0631,Tanish Murty,chasmumahuja@example.com,2023-08-09,PREMIUM,True
C0632,Girindra Barad,yasti89@example.net,2025-06-21,VIP,True
C0633,Viraj Kunda,nachiket24@example.com,2024-10-15,PREMIUM,True
C0634,Ekta Subramanian,rattateerth@example.net,2024-03-31,VIP,True
C0635,Baljiwan Raj,mchandran@example.net,2023-11-05,PREMIUM,True
C0636,Jai Karan,nattijaya@example.com,2026-04-16,PREMIUM,True
C0637,Eiravati Zacharia,rajachatura@example.com,2025-11-30,VIP,True
C0638,Michael Bedi,etathakkar@example.net,2026-05-18,VIP,True
C0639,Tristan Sankaran,wsehgal@example.net,2024-09-29,VIP,True
C0640,Vamakshi Bawa,idivan@example.com,2025-11-04,REGULAR,True
C0641,Kalpit Deshmukh,flala@example.com,2025-07-23,REGULAR,True
C0642,Yatin Kibe,vinayarana@example.net,2023-10-26,PREMIUM,True
C0643,Odika Sampath,qushi59@example.org,2025-01-24,VIP,True
C0644,Dalaja Gara,rayaan55@example.net,2024-12-31,PREMIUM,True
C0645,Ryan Prakash,cdhingra@example.org,2024-03-05,PREMIUM,True
C0646,Bhavna Atwal,chowdhurychatura@example.org,2024-12-21,REGULAR,True
C0647,Garima Kadakia,modyshivani@example.com,2025-10-19,PREMIUM,True
C0648,Lohit Badami,samarvirk@example.com,2025-02-11,REGULAR,True
C0649,Sai Madan,kumeronkar@example.org,2023-09-27,REGULAR,True
C0650,Jagvi Chokshi,eanand@example.com,2023-08-05,PREMIUM,True
C0651,Diya Sundaram,libni36@example.net,2026-01-19,VIP,True
C0652,Anthony Baral,grewalrushil@example.net,2024-07-25,VIP,True
C0653,Andrew Palan,gauri76@example.net,2026-06-04,VIP,True
C0654,David Kurian,isha43@example.net,2025-02-27,PREMIUM,True
C0655,Maya Devan,mammenumang@example.org,2023-11-20,PREMIUM,True
C0656,Omisha Khosla,rverma@example.net,2025-12-12,VIP,True
C0657,Saumya Deep,poojamuni@example.net,2024-05-23,PREMIUM,True
C0658,Qushi Dhillon,samakshdevi@example.com,2026-04-21,PREMIUM,True
C0659,Qarin Nadkarni,eeshabir@example.net,2024-02-18,VIP,True
C0660,Saanvi Mahal,nagarodika@example.com,2024-02-28,VIP,True
C0661,Amara Kashyap,hredhaandeep@example.org,2026-01-18,REGULAR,True
C0662,Vansha Desai,vihaanbal@example.com,2025-08-25,VIP,True
C0663,Urvi Devan,lprakash@example.com,2024-03-17,PREMIUM,True
C0664,Anamika Sachar,upkaarbali@example.com,2024-06-16,PREMIUM,True
C0665,Vrishti Nair,samarthbhatti@example.org,2025-06-16,VIP,True
C0666,Dhriti Ramesh,prisharavel@example.org,2026-02-10,VIP,True
C0667,Brijesh Korpal,vermaikbal@example.com,2025-09-19,VIP,True
C0668,Ranveer Manne,jbaral@example.com,2025-05-19,VIP,True
C0669,Ojas Sami,xmodi@example.com,2024-10-06,REGULAR,True
C0670,Gautam Tella,varugheselucky@example.com,2023-12-29,PREMIUM,True
C0671,Shravya Bakshi,krishnaramaswamy@example.com,2024-04-09,PREMIUM,True
C0672,Ekiya Gade,djaggiexample.org,2024-01-14,VIP,False
C0673,Frederick Viswanathan,comarshivani@example.net,2025-02-22,REGULAR,True
C0674,Gautami Doctor,kritikarai@example.org,2024-03-14,VIP,True
C0675,Dayamai Sehgal,praneelbehl@example.com,2024-09-27,REGULAR,True
C0676,Zehaan Arora,jacobdeep@example.org,2025-06-18,REGULAR,True
C0677,Wazir Kalla,itara@example.org,2026-01-06,PREMIUM,True
C0678,Abeer Konda,asetty@example.com,2025-11-03,PREMIUM,True
C0679,Ikshita Bansal,sarthak02@example.org,2024-02-17,PREMIUM,True
C0680,Ikbal Saha,misragarima@example.org,2024-04-08,VIP,True
C0681,Balendra Chander,bhavanigoel@example.com,2024-10-13,REGULAR,True
C0682,Brinda Sinha,jyoti61@example.com,2024-02-01,VIP,True
C0683,Shaurya Kadakia,maharajforum@example.net,2026-02-11,REGULAR,True
C0684,Prisha Nadig,chopragagan@example.com,2024-08-13,VIP,True
C0685,Waida Gole,kai99@example.com,2026-02-07,VIP,True
C0686,Arjun Shroff,binahari@example.org,2026-03-04,PREMIUM,True
C0687,Gauri Palla,johaloeshi@example.com,2025-11-23,VIP,True
C0688,Aachal Bir,advayjaggi@example.net,2024-10-27,PREMIUM,True
C0689,Gauri Om,yashawini85@example.org,2025-03-13,VIP,True
C0690,Varenya Som,gillrishi@example.com,2023-08-31,PREMIUM,True
C0691,Gautami Shere,vasatikadugal@example.net,2025-04-10,PREMIUM,True
C0692,Anirudh Joshi,vermachandani@example.net,2025-12-19,PREMIUM,True
C0693,Harinakshi Prashad,irya12@example.com,2026-03-06,REGULAR,True
C0694,Darika Murty,lopagrover@,2023-08-25,REGULAR,False
C0695,Siya Mittal,odika17@example.org,2024-06-06,PREMIUM,True
C0696,George Sawhney,parth15@example.org,2025-08-31,REGULAR,True
C0697,Harini Sule,subramanianxiti@,2025-09-27,REGULAR,False
C0698,Samesh Bansal,falak21@example.net,2025-06-19,VIP,True
C0699,Chaitanya Chahal,hvig@example.org,2024-12-05,VIP,True
C0700,Arin Muni,gbatra@example.net,2026-03-25,VIP,True
C0701,Aradhana Walia,ekaniiyer@example.org,2024-11-13,REGULAR,True
C0702,Anusha Contractor,rdalal@example.org,2023-07-30,VIP,True
C0703,Anika Dhaliwal,jhaveriinaya@example.net,2026-07-05,REGULAR,True
C0704,Sachi Bedi,yash21@example.com,2024-01-25,REGULAR,True
C0705,Chatura Chadha,sinhachandresh@example.org,2025-04-29,VIP,True
C0706,Ishani Muni,tgola@example.net,2024-12-04,PREMIUM,True
C0707,Girik Sidhu,farhanshroff@example.net,2023-12-05,PREMIUM,True
C0708,Upma Kata,rmukherjee@example.net,2024-06-18,PREMIUM,True
C0709,Ganga Nair,aarnapatla@example.com,2025-06-10,PREMIUM,True
C0710,Indali Srinivas,ebalan@example.com,2025-06-22,VIP,True
C0711,Yashoda Chauhan,barkhapall@example.net,2025-03-28,VIP,True
C0712,Nandini Sachdev,nandaekavir@example.com,2024-07-11,REGULAR,True
C0713,Harini Joshi,nathansubramaniam@example.com,2026-06-19,REGULAR,True
C0714,Oscar Brahmbhatt,ksaran@example.com,2025-12-14,VIP,True
C0715,Eshana Chatterjee,lcontractor@example.net,2025-05-28,REGULAR,True
C0716,Ladli Narang,darikaravi@example.org,2025-08-12,PREMIUM,True
C0717,Manan Dixit,chanateerth@example.org,2025-06-09,REGULAR,True
C0718,Samesh Nadig,madhavi99@example.com,2024-10-14,REGULAR,True
C0719,Yashvi Raval,radhika51@example.net,2024-01-21,VIP,True
C0720,Jagrati Choudhary,david58@example.org,2024-09-17,VIP,True
C0721,Eesha Raja,keerrachana@example.net,2025-03-28,PREMIUM,True
C0722,Vaishnavi Dewan,isaran@example.org,2024-04-24,VIP,True
C0723,Jeremiah Desai,aparsa@example.org,2023-07-25,REGULAR,True
C0724,Rajeshri Deshpande,babumaanas@example.net,2023-11-15,PREMIUM,True
C0725,Pranit Sha,ojasvishah@example.net,2025-09-05,VIP,True
C0726,Quincy Samra,ysengupta@example.com,2026-01-31,VIP,True
C0727,Nirja Peri,tarawarjas@example.net,2023-08-27,VIP,True
C0728,Fariq Dhar,subramanianjyoti@example.org,2025-10-01,VIP,True
C0729,Yatan Sodhi,udyati81@example.net,2026-03-12,PREMIUM,True
C0730,Hemal Warrior,zachariadevika@example.net,2023-07-23,VIP,True
C0731,Oviya Pandit,gsetty@example.com,2024-10-06,VIP,True
C0732,Abha Bhat,oliver09@example.net,2026-03-10,VIP,True
C0733,Avi Mangat,kgara@example.org,2025-07-29,PREMIUM,True
C0734,Zayyan Deo,dateyashasvi@example.org,2026-02-17,PREMIUM,True
C0735,Owen Dora,anvi40@example.net,2026-04-25,PREMIUM,True
C0736,Warinder Sundaram,zpingle@example.org,2024-04-12,PREMIUM,True
C0737,Warhi Sachar,ozafrado@example.org,2025-02-21,PREMIUM,True
C0738,Chatura Lalla,riaganesh@example.org,2024-01-03,REGULAR,True
C0739,Charvi Soni,ganeshucchal@example.com,2025-10-11,PREMIUM,True
C0740,Maanav Wali,ladliramakrishnan@example.com,2025-05-12,REGULAR,True
C0741,Benjamin Chatterjee,manisaumya@example.com,2025-10-09,VIP,True
C0742,Amara Chaudhari,rachana94@example.com,2024-08-06,VIP,True
C0743,Robert Venkatesh,xshenoy@example.net,2024-12-12,VIP,True
C0744,Ekansh Arora,dhritianne@example.net,2025-04-05,PREMIUM,True
C0745,Indali Kanda,vohrahemang@example.net,2024-09-19,VIP,True
C0746,Dakshesh Kalla,reyansh00@example.net,2026-01-23,PREMIUM,True
C0747,Keya Goyal,dargabriel@example.net,2023-12-26,VIP,True
C0748,Sudiksha Malhotra,zehaanmenon@example.com,2025-04-30,REGULAR,True
C0749,Lavanya Rama,aarini21@example.com,2024-12-04,PREMIUM,True
C0750,Ekaraj Swamy,kuruvillaalka@example.org,2024-05-13,REGULAR,True
C0751,Maanas Zachariah,pgokhale@example.com,2025-05-06,REGULAR,True
C0752,Harshil Banerjee,hiteshsathe@example.net,2023-10-28,VIP,True
C0753,Manthan Acharya,krishnasanaya@example.org,2023-09-03,PREMIUM,True
C0754,Mahika Aggarwal,jlata@example.net,2025-09-14,VIP,True
C0755,Upkaar Aggarwal,bsridhar@example.com,2025-02-23,PREMIUM,True
C0756,Gauri Mitter,kdara@example.net,2025-03-20,PREMIUM,True
C0757,Faris Sharaf,chanajasmit@example.net,2024-09-29,PREMIUM,True
C0758,Chandani Ramakrishnan,patrickbaral@example.com,2023-12-19,REGULAR,True
C0759,Logan Banik,vidhi17@example.net,2024-05-01,VIP,True
C0760,Darika Tata,kharevrinda@example.com,2025-10-13,PREMIUM,True
C0761,Geetika Basak,cbabu@example.com,2025-03-27,VIP,True
C0762,Viraj Bora,kakartara@example.net,2023-09-02,PREMIUM,True
C0763,Xavier De,vrindabahl@example.com,2023-07-29,VIP,True
C0764,Onkar Bhatt,chandreshmohanty@example.org,2023-12-19,VIP,True
C0765,Pooja Nazareth,tankthomas@example.org,2026-05-25,PREMIUM,True
C0766,Ekanta Kala,hnair@example.net,2023-09-15,VIP,True
C0767,Lohit Sagar,gautamibhatnagar@example.org,2024-03-24,PREMIUM,True
C0768,Kiaan Chaudhry,nitesh73@example.net,2026-03-15,VIP,True
C0769,Abeer Amble,bdugar@example.com,2024-04-10,PREMIUM,True
C0770,Jonathan Jhaveri,manderomaja@example.net,2024-02-14,VIP,True
C0771,Pranit Tata,shravya63@example.org,2026-02-11,PREMIUM,True
C0772,Warinder Handa,mitraijaya@example.com,2024-01-05,VIP,True
C0773,Sathvik Malhotra,pathakyashica@example.org,2023-09-27,REGULAR,True
C0774,Widisha Goda,isaiahdixit@example.net,2024-03-11,VIP,True
C0775,Radhika Krishnamurthy,bhagatjanuja@example.com,2024-12-07,VIP,True
C0776,Patrick Dugar,gbassi@example.net,2023-08-21,VIP,True
C0777,Sai Nanda,hvarma@example.org,2025-04-17,PREMIUM,True
C0778,Vedant Chaudhari,eshanakarpe@,2024-07-09,REGULAR,False
C0779,Urishilla Sundaram,yiyengar@example.org,2023-09-29,PREMIUM,True
C0780,Pranav Ram,ndhillon@example.net,2025-02-06,PREMIUM,True
C0781,Anamika Jain,tanvihari@example.net,2024-12-09,REGULAR,True
C0782,Indrajit Shroff,azadbhasin@example.com,2025-06-18,PREMIUM,True
C0783,Chakrika Dugar,wgarg@example.com,2026-03-24,REGULAR,True
C0784,Tarak Solanki,victorchadha@example.com,2025-06-24,VIP,True
C0785,Radha Kapadia,akshay63@example.org,2026-01-11,VIP,True
C0786,Upma Thaman,abdulsahni@example.org,2023-08-28,PREMIUM,True
C0787,Sneha Tandon,zwali@example.com,2024-07-14,VIP,True
C0788,Jagrati Merchant,aroraniharika@example.org,2024-07-12,PREMIUM,True
C0789,Neel Sharaf,babuvarsha@example.net,2025-12-09,REGULAR,True
C0790,Qasim Prabhakar,shaubika@example.org,2026-03-06,VIP,True
C0791,Gaurangi Wali,oagarwal@example.org,2023-08-26,REGULAR,True
C0792,Faris Nayak,pooja49@example.net,2023-09-30,REGULAR,True
C0793,Banjeet Pau,charan16@example.com,2025-01-26,VIP,True
C0794,William Zacharia,ekalingajayaraman@example.org,2023-12-30,PREMIUM,True
C0795,Ekani Pandit,wkadakia@example.net,2024-08-25,VIP,True
C0796,Hemani Sethi,dmalhotra@example.org,2025-07-31,REGULAR,True
C0797,Dominic Guha,singhalbrinda@example.com,2025-06-17,PREMIUM,True
C0798,Faraj Chopra,buchmahika@example.org,2024-03-18,PREMIUM,True
C0799,Arin Memon,isaac27@example.org,2025-04-14,REGULAR,True
C0800,Ansh Manne,urvipalan@example.com,2024-04-25,VIP,True
C0801,Nisha Oza,bainsvincent@example.net,2026-04-20,PREMIUM,True
C0802,Tanvi Modi,vedika98@example.net,2025-12-04,PREMIUM,True
C0803,Veda Prabhu,daminigarg@example.com,2024-09-26,PREMIUM,True
C0804,Ojas Dyal,divanira@example.com,2025-10-15,REGULAR,True
C0805,Jackson Barman,qabil22@example.org,2024-11-09,REGULAR,True
C0806,Samesh Banerjee,ridhilad@example.com,2026-05-05,REGULAR,True
C0807,Charvi Dara,hemangini25@example.com,2023-08-14,PREMIUM,True
C0808,Ekaja Dugal,xtata@example.org,2023-07-13,REGULAR,True
C0809,Riya Nigam,chakrika74@example.net,2026-06-11,VIP,True
C0810,Darika Bakshi,srinivasbanjeet@example.org,2025-03-21,PREMIUM,True
C0811,Christopher Hayer,sanayaparikh@example.org,2025-12-29,REGULAR,True
C0812,Sanaya Chahal,arunimahayre@example.org,2025-09-09,VIP,True
C0813,Jalsa Rao,fhayer@example.com,2024-02-21,PREMIUM,True
C0814,Bhavani Pai,ypingle@example.com,2025-01-02,REGULAR,True
C0815,Ojasvi Savant,sanaya81@example.org,2024-09-27,PREMIUM,True
C0816,Maanas Johal,paninisachdeva@example.org,2024-10-20,PREMIUM,True
C0817,Gaurang Ahuja,vvohra@example.org,2025-04-03,VIP,True
C0818,Ryan Grewal,oeshi28@example.com,2025-02-19,PREMIUM,True
C0819,Wakeeta Sheth,vritti04@example.net,2024-06-19,PREMIUM,True
C0820,Urmi Dash,agatemitesh@example.com,2026-04-17,PREMIUM,True
C0821,Ayush Dar,omisha27@example.net,2024-09-09,VIP,True
C0822,Vasana Sarin,mbhavsar@example.net,2024-08-10,REGULAR,True
C0823,Aashi Gaba,xdar@example.net,2025-12-26,PREMIUM,True
C0824,Ishanvi Gade,dhingraekaja@example.com,2023-09-27,PREMIUM,True
C0825,Bishakha Wagle,jalsa65@example.org,2026-03-25,REGULAR,True
C0826,Girindra Ganesh,varkeyrishi@example.net,2025-10-28,PREMIUM,True
C0827,Gopal Warrior,diya44@example.net,2025-12-24,REGULAR,True
C0828,Kashish Sundaram,maanas02@example.net,2025-04-07,REGULAR,True
C0829,Raghav Vora,nicholas13@example.org,2025-10-10,REGULAR,True
C0830,Karan Badal,sahnitriveni@example.org,2025-07-20,VIP,True
C0831,Orinder Modi,devika52@example.com,2023-08-20,PREMIUM,True
C0832,Utkarsh Mohanty,kapadiakabir@example.net,2024-01-17,PREMIUM,True
C0833,Faras Bahl,kalpitbrar@example.com,2025-07-28,REGULAR,True
C0834,Yochana Bhargava,mbasak@example.org,2025-07-04,PREMIUM,True
C0835,Advaith Char,kulkarnicaleb@example.org,2024-01-15,VIP,True
C0836,Ayush Chana,ryangoyal@example.net,2024-02-18,REGULAR,True
C0837,Yashasvi Bir,ijaya52@example.net,2023-12-07,PREMIUM,True
C0838,Baghyawati Garg,wadhwateerth@example.net,2025-10-18,REGULAR,True
C0839,Jeevika Goyal,chaudharytanish@example.net,2025-05-19,VIP,True
C0840,Tanish Varkey,gollaisha@example.com,2024-06-24,REGULAR,True
C0841,Unnati Choudhary,wchowdhury@example.com,2025-09-21,REGULAR,True
C0842,Banjeet Butala,warhipatel@example.net,2024-11-27,REGULAR,True
C0843,Devika Sawhney,ydalia@example.com,2024-06-21,REGULAR,True
C0844,Vamakshi Pillai,bmannan@example.org,2024-04-10,REGULAR,True
C0845,Frederick Dar,swamyhenry@example.com,2024-02-14,PREMIUM,True
C0846,Om Bhattacharyya,srattan@example.net,2025-01-22,VIP,True
C0847,Jason Kaul,hamsiniiyer@example.net,2025-04-26,VIP,True
C0848,Mugdha Parekh,wmallick@example.net,2025-07-15,PREMIUM,True
C0849,Suhani Chokshi,gsundaram@example.com,2024-01-12,REGULAR,True
C0850,Ayushman Chaudhary,vrishti73@example.net,2023-09-27,PREMIUM,True
C0851,Eta Dua,taraavi@example.org,2024-10-19,REGULAR,True
C0852,Saksham Memon,bosezinal@example.com,2026-04-30,REGULAR,True
C0853,Andrew Balay,gswaminathan@example.com,2025-05-05,VIP,True
C0854,Saanvi Sharaf,rajagopalshivani@example.com,2023-08-31,REGULAR,True
C0855,Vyanjana Sankar,goelchavvi@example.net,2024-01-31,VIP,True
C0856,Upma Soni,lopa71@example.net,2025-11-26,REGULAR,True
C0857,Warda Purohit,yashawinibhalla@example.com,2026-02-19,VIP,True
C0858,Kabir Peri,bhavani50@example.org,2024-12-29,VIP,True
C0859,Hemani Parikh,omlajita@example.org,2025-04-06,VIP,True
C0860,Frado Bhatti,daksh33@example.org,2024-10-22,VIP,True
C0861,Baljiwan Sharma,nazarethomkaar@example.org,2026-04-23,REGULAR,True
C0862,Upasna Bains,avarma@example.com,2024-11-09,REGULAR,True
C0863,Vrinda Chaudhry,uramakrishnan@example.net,2026-06-14,PREMIUM,True
C0864,Ojas Mistry,gayathritaneja@example.net,2025-01-21,REGULAR,True
C0865,Tanish Mani,fjaggi@example.net,2024-08-21,REGULAR,True
C0866,Girish Nayar,mishraneelima@example.org,2024-09-03,PREMIUM,True
C0867,Idika Bose,walivaishnavi@example.com,2026-04-14,VIP,True
C0868,Ryan Sachdeva,yamini46@example.net,2025-03-22,VIP,True
C0869,Zaitra Grover,yutika78@example.org,2025-12-19,REGULAR,True
C0870,Amrita Walia,qkala@example.net,2026-02-15,REGULAR,True
C0871,Turvi Divan,hbhasin@example.org,2024-07-14,REGULAR,True
C0872,Devansh Jani,charitasaran@example.com,2025-04-07,PREMIUM,True
C0873,Nidra Khare,bhavini24@example.net,2023-12-30,PREMIUM,True
C0874,Ucchal Sunder,rehaanbala@example.org,2025-11-22,PREMIUM,True
C0875,Nathaniel Mahajan,psami@example.org,2024-02-03,PREMIUM,True
C0876,Brijesh Sunder,kuruvillaarunima@example.net,2023-08-06,REGULAR,True
C0877,Devansh Ray,chackodipta@example.net,2025-01-21,PREMIUM,True
C0878,Xiti Dara,ranganathanlogan@example.org,2025-09-24,VIP,True
C0879,Dhriti Narayan,watika13@example.net,2025-12-30,REGULAR,True
C0880,Hredhaan Gill,bkeer@example.org,2024-06-03,REGULAR,True
C0881,Vritti Walla,ria64@example.net,2025-02-08,REGULAR,True
C0882,Arunima Dhillon,nadigpallavi@example.com,2025-01-20,PREMIUM,True
C0883,Chatura Khatri,tpillai@example.org,2024-08-02,PREMIUM,True
C0884,Jairaj Warrior,omore@example.net,2024-07-08,PREMIUM,True
C0885,Charvi Chana,arama@example.com,2024-07-06,VIP,True
C0886,Niharika Bandi,shivansh27@example.net,2024-09-04,VIP,True
C0887,Gaurangi Sami,swamyurishilla@example.net,2023-12-09,PREMIUM,True
C0888,Osha Narain,advikatoor@example.org,2025-06-10,PREMIUM,True
C0889,Laban Aggarwal,benqarin@example.net,2025-03-20,PREMIUM,True
C0890,Indrajit Dugar,dalajamurthy@example.net,2024-07-28,REGULAR,True
C0891,Kiaan Lad,nirjanagarajan@example.com,2024-04-01,VIP,True
C0892,Qabil Ramaswamy,baghyawati31@example.com,2025-02-12,VIP,True
C0893,Gaurav Shere,anshbajaj@example.net,2024-05-09,VIP,True
C0894,Abha Dixit,om06@example.net,2023-11-22,REGULAR,True
C0895,Sudiksha Talwar,onkar91@example.org,2024-01-07,VIP,True
C0896,Warda Raja,samarhalder@example.com,2024-01-25,PREMIUM,True
C0897,Ranbir Sahota,mjhaveri@example.org,2024-04-12,REGULAR,True
C0898,Warinder Seshadri,bdhingra@example.com,2024-07-26,VIP,True
C0899,Ekiya Rao,tara10@example.com,2026-06-07,PREMIUM,True
C0900,Elijah Chandran,leelasampath@example.net,2025-11-18,REGULAR,True
C0901,Irya Bath,bengaurangi@example.org,2023-07-15,VIP,True
C0902,Kamala Deo,yamini96@example.com,2025-11-22,PREMIUM,True
C0903,Harinakshi Sidhu,golaabha@example.org,2024-01-27,REGULAR,True
C0904,Jackson Munshi,nadigrachita@example.org,2023-09-13,VIP,True
C0905,Qushi Mandal,xalakmand@example.net,2024-08-18,PREMIUM,True
C0906,Vyanjana Dora,zansi56@example.org,2025-11-16,REGULAR,True
C0907,Victor Goswami,mbera@example.org,2023-08-31,REGULAR,True
C0908,Rajata D’Alia,klad@example.net,2025-08-13,PREMIUM,True
C0909,Tanvi Tailor,satheishanvi@example.net,2023-12-28,VIP,True
C0910,Bhanumati Gole,jatinpalla@example.org,2024-03-24,PREMIUM,True
C0911,Omaja Bose,simon90@example.net,2024-07-23,REGULAR,True
C0912,Jairaj Ramesh,vchandra@example.org,2025-02-06,PREMIUM,True
C0913,Triveni Srinivasan,naikmitesh@example.org,2025-06-11,PREMIUM,True
C0914,Ekta Dayal,abdul50@example.net,2024-05-30,REGULAR,True
C0915,Lakshmi Chanda,mandalekantika@example.org,2025-03-17,PREMIUM,True
C0916,Sathvik Gaba,pranav36@example.org,2025-03-01,VIP,True
C0917,Jai Misra,pmane@example.net,2025-08-07,REGULAR,True
C0918,Jagrati Char,rmukherjee@example.net,2025-01-27,PREMIUM,True
C0919,Amrita Sampath,vrishtisehgal@example.com,2023-11-24,VIP,True
C0920,Pooja Chander,npillay@example.org,2023-09-07,VIP,True
C0921,Bina Sidhu,ubika32@example.com,2025-05-16,PREMIUM,True
C0922,Charita Kothari,sridharcharita@example.org,2025-09-26,VIP,True
C0923,Chakradev Varghese,kmerchant@example.org,2023-12-21,VIP,True
C0924,Isha Kumar,gsachar@example.com,2026-01-01,PREMIUM,True
C0925,Praneel Gopal,thakuramol@example.org,2025-03-08,REGULAR,True
C0926,Dipta Sha,chackoomaja@example.net,2026-05-13,REGULAR,True
C0927,Qasim Brar,vlanka@example.org,2026-01-30,PREMIUM,True
C0928,Megha Dada,hitesh68@example.org,2023-07-27,VIP,True
C0929,Vidhi Mitter,vanshasharma@example.net,2026-02-21,PREMIUM,True
C0930,Akshay Halder,megha41@example.org,2023-12-27,VIP,True
C0931,Maanav Khurana,guhaavi@example.org,2025-05-13,REGULAR,True
C0932,Urvi Sami,gabrielmitra@example.com,2023-08-09,PREMIUM,True
C0933,Vedhika Sinha,ganesanmichael@example.net,2023-08-06,VIP,True
C0934,Charan Nath,mkibe@example.com,2023-07-19,PREMIUM,True
C0935,Balhaar Sura,sankaranojasvi@example.com,2025-03-18,VIP,True
C0936,Vincent Bhat,lvarghese@example.net,2025-10-04,PREMIUM,True
C0937,Amrita Sahni,samidiya@example.net,2025-07-11,PREMIUM,True
C0938,Ansh Edwin,talwaridika@example.com,2024-09-26,VIP,True
C0939,Yashica Kanda,upasnapadmanabhan@example.com,2026-01-04,VIP,True
C0940,Omaja Parsa,upadhriti24@example.net,2025-07-09,REGULAR,True
C0941,Vasudha Dayal,sarthakmandal@example.net,2024-04-01,REGULAR,True
C0942,Wakeeta Mitter,nakshswamy@example.org,2024-07-05,REGULAR,True
C0943,Ishanvi Dutt,champakbadami@example.com,2024-04-03,VIP,True
C0944,Utkarsh Dara,bhattgeetika@example.com,2025-11-26,REGULAR,True
C0945,Chakradhar Loke,vidhikuruvilla@example.com,2024-02-26,VIP,True
C0946,Hitesh Chaudry,bediraksha@example.com,2025-11-26,VIP,True
C0947,Samesh Pathak,tripathihenry@example.org,2024-03-06,REGULAR,True
C0948,Mitesh Patla,riya87@example.net,2024-12-07,VIP,True
C0949,Abeer Korpal,jasonjaggi@example.com,2025-07-11,PREMIUM,True
C0950,Kashish Sachdeva,bhavini82@example.org,2025-01-17,PREMIUM,True
C0951,Lakshit Sanghvi,maxwagle@example.com,2025-04-09,REGULAR,True
C0952,Ayushman Savant,hshanker@example.net,2024-02-18,REGULAR,True
C0953,Divya Ratti,varugheseekaraj@example.org,2024-03-18,VIP,True
C0954,Dalbir Venkatesh,zbhat@example.org,2024-10-08,VIP,True
C0955,Dipta Padmanabhan,rratti@example.net,2023-07-19,VIP,True
C0956,Riya Pai,manan67@example.net,2026-04-09,VIP,True
C0957,Gaurika Ramakrishnan,thora@example.org,2024-01-18,REGULAR,True
C0958,Harini Dutta,tanay18@example.net,2023-08-12,VIP,True
C0959,Pahal Tiwari,zachariaaarna@example.org,2023-12-25,PREMIUM,True
C0960,Jatin Batta,pradhanaashi@example.net,2026-04-13,VIP,True
C0961,Sudiksha Nori,senchanchal@example.net,2024-07-07,VIP,True
C0962,Krishna Venkatesh,inayamistry@example.com,2024-07-25,VIP,True
C0963,Jalsa Sha,narangzaitra@example.net,2023-12-06,VIP,True
C0964,David Sandal,pavanisabharwal@example.org,2024-01-25,PREMIUM,True
C0965,Neha Venkataraman,ckala@example.org,2025-03-11,VIP,True
C0966,Omaja Gaba,wishi67@example.net,2024-02-16,PREMIUM,True
C0967,Simon Shah,vedhikashankar@example.org,2025-07-11,REGULAR,True
C0968,Imaran Dara,dugarkala@example.org,2025-01-31,PREMIUM,True
C0969,Dalaja Prasad,banjeet82@example.org,2024-10-20,REGULAR,True
C0970,Chanakya Mody,vedika02@example.org,2024-09-19,REGULAR,True
C0971,Ikshita Bir,qadimsuresh@example.org,2023-09-14,VIP,True
C0972,Geetika Purohit,ksrivastava@example.com,2025-07-14,PREMIUM,True
C0973,Shivani Sen,lakshitthaman@example.net,2024-02-23,REGULAR,True
C0974,Viraj Rana,gaurav99@example.com,2024-12-14,VIP,True
C0975,Noah Bakshi,savantarunima@example.net,2025-12-11,PREMIUM,True
C0976,Ranbir Soni,jatin81@example.org,2025-08-25,REGULAR,True
C0977,Samesh Korpal,darapranit@example.org,2025-12-23,REGULAR,True
C0978,Neelima Bath,zchad@example.net,2025-08-08,REGULAR,True
C0979,Arjun Wable,oakrajeshri@example.org,2024-11-11,PREMIUM,True
C0980,Om Mangal,fkurian@example.org,2024-02-15,PREMIUM,True
C0981,Nikita Gara,aadhyachakraborty@example.org,2023-10-06,REGULAR,True
C0982,Hardik Nagarajan,pratyush00@example.com,2024-02-13,VIP,True
C0983,Charles Jain,qnaik@example.com,2024-07-13,REGULAR,True
C0984,Ishwar Luthra,waidatrivedi@example.net,2023-10-09,PREMIUM,True
C0985,Ayush Reddy,ucchal86@example.org,2026-03-17,PREMIUM,True
C0986,Yatin Dass,anirudhluthra@example.net,2024-10-22,PREMIUM,True
C0987,Lucky Prakash,fsehgal@example.net,2025-10-23,REGULAR,True
C0988,Benjamin Agarwal,yatanyogi@example.com,2025-06-27,VIP,True
C0989,Zashil Rai,oliver00@example.com,2025-01-02,REGULAR,True
C0990,Ekaraj Mital,yashvimanda@example.org,2023-11-23,PREMIUM,True
C0991,Rachana Kade,idas@example.net,2026-02-09,PREMIUM,True
C0992,Ekanta Om,hema47@example.com,2024-05-29,VIP,True
C0993,Aarnav Soni,bnarasimhan@example.net,2023-07-13,PREMIUM,True
C0994,Maya Yohannan,ghoseodika@example.net,2023-11-10,REGULAR,True
C0995,Jatin Pandit,yohannanazaan@example.net,2025-02-10,PREMIUM,True
C0996,Kamala Hans,lila20@example.org,2025-05-27,PREMIUM,True
C0997,Rehaan Chana,kantanmol@example.com,2026-02-13,PREMIUM,True
C0998,Avni Tailor,timothy37@example.com,2026-07-04,VIP,True
C0999,Indrajit Mall,abhimanyuhayre@example.net,2025-12-07,VIP,True
C1000,Dhruv Dave,jgarde@example.org,2023-10-16,PREMIUM,True
